Movie,Review
Inception,"""Mind-bending and brilliantly executed.""
""Nolan at his best.""
""Makes you question reality."""
The Matrix,"""Revolutionary sci-fi action.""
""Philosophical and thrilling."""
Interstellar,"""Visually stunning and emotionally powerful.""
""A beautiful exploration of space and love."""
Avatar,"""Incredible world-building.""
""A visual masterpiece."""
Blade Runner 2049,"""Slow but thought-provoking.""
""Visually breathtaking."""
The Martian,"""Funny and scientifically smart.""
""Matt Damon carries the film well.""
""Realistic and engaging survival story."""
Arrival,"""Unique take on alien contact.""
""Emotionally resonant and smart."""
Ex Machina,"""Chilling and intelligent.""
""Great performances and eerie story."""
Gravity,"""Tense and gripping."""
Tenet,"""Complex but visually stunning.""
""Needs a second watch to fully grasp.""
""Time-bending action done right."""
Edge of Tomorrow,"""Surprisingly fun and rewatchable.""
""Tom Cruise and Emily Blunt shine."""
Minority Report,"""Gripping sci-fi thriller.""
""Smart take on future crime prediction."""
Space Sweepers,"""Fun space adventure with heart.""
""Great visuals and diverse cast."""
JUNG_E,"""Interesting premise, average execution.""
""Good concept but could be deeper."""
The Wandering Earth,"""Epic scale and action.""
""Ambitious Chinese sci-fi."""
Reset,"""Tense and fast-paced thriller.""
""Clever use of time travel."""
Battle of Memories,"""Intriguing mystery concept.""
""Keeps you guessing till the end."""
Koi Mil Gaya,"""A heartwarming alien story.""
""India’s lovable sci-fi classic."""
Ra.One,"""Ambitious but flawed.""
""Good effects for its time."""
Robot (Enthiran),"""Entertaining mix of action and sci-fi.""
""Rajinikanth steals the show.""
""Full of grand visuals and creativity."
Bird Box,"""Suspenseful and gripping.""
""Keeps you on edge."""
Zodiac,"""Meticulous and chilling.""
""A masterclass in true crime storytelling."""
Sinners,"""Dark and emotional.""
""Powerful character-driven drama."""
The Conjuring,"""Classic haunted house horror.""
""Scary without relying on gore.""
""Great performances and tension."""
Hereditary,"""Deeply unsettling.""
""Disturbing in the best way."""
The Babadook,"""Psychological and haunting.""
""A metaphor for grief done well."""
It Follows,"""Unique concept in horror.""
""Creepy and slow-burning."""
The Witch,"""Atmospheric and chilling.""
""Historical horror at its finest."""
Train to Busan,"""Intense zombie thriller.""
""Emotional and action-packed.""
""One of the best modern zombie films."""
#Alive,"""A fresh take on zombie survival.""
""Simple but effective tension."""
The Call,"""Twisted and gripping storyline.""
""Keeps you guessing till the end."""
I Saw the Devil,"""Violent but brilliantly crafted.""
""A dark, emotional revenge story."""
The Soul,"""Layered mystery with strong emotions.""
""Beautiful visuals and pacing."""
7 Guardians of the Tomb,"""Action-packed but predictable.""
""Fun if you like creature features."""
Stree,"""Hilarious with a spooky twist.""
""Balances comedy and horror well.""
""Fresh take on urban legends."""
Bhoot,"""Classic Bollywood horror.""
""Creepy atmosphere throughout."""
Gladiator,"""Epic and emotional.""
""Russell Crowe at his best.""
""Powerful story of vengeance."""
The Dark Knight,"""Best superhero film ever made.""
""Heath Ledger’s Joker is unforgettable.""
""Thrilling and thought-provoking."""
Mad Max: Fury Road,"Visual masterpiece.""
""Relentless action from start to finish.""
""Reinvented the franchise with style."""
John Wick,"""Stylish and brutal action.""
""Keanu Reeves at his coolest.""
""Great choreography and pace."""
The Avengers,"""Epic team-up done right.""
""Entertaining from start to finish."""
Mission: Impossible - Fallout,"""Top-tier stunts and action.""
""Thrilling and well-paced."""
Furious 7,"""Fast, fun, and emotional.""
""A great farewell to Paul Walker."
Lara Croft: Tomb Raider,"""Action-packed adventure.""
""Angelina Jolie owns the role."""
Birds of Prey,"""Colorful and chaotic fun.""
""Margot Robbie steals the show."""
The Man from Nowhere,"""Emotional and intense.""
""One of the best Korean action films."""
Time to Hunt,"""Grim and suspenseful.""
""Dystopian thriller with style."""
Operation Mekong,"""High-energy and patriotic.""
""Based on true events, with solid action."""
The Battle at Lake Changjin,"""Epic and nationalistic.""
""Visually massive war film."""
War,"""Stylish action with a twist.""
""Tiger and Hrithik deliver high-octane fights."""
Dhoom 3,"""Entertaining with flashy stunts.""
""Aamir Khan adds emotional depth."""
Baahubali: The Beginning,"""Visually grand and epic.""
""A milestone in Indian cinema.""
""Powerful story and visuals."""
Raees,"""Shah Rukh Khan delivers a strong performance.""
""Crime drama with style and emotion."""
Shershaah,"""Emotional and patriotic.""
""Well-acted and inspirational."""
The Grand Budapest Hotel,"""Whimsical and visually rich.""
""Wes Anderson’s quirky masterpiece."""
The Hangover,"""Wild and hilarious.""
""Unexpected chaos makes it fun."""
Superbad,"""Relatable teen comedy.""
""Funny and awkward in the best way."""
Jojo Rabbit,"""Heartwarming and daring.""
""A unique balance of humor and emotion."""
Palm Springs,"""A fresh twist on time loops.""
""Funny, smart, and surprisingly deep."""
The Nice Guys,"""Sharp, witty, and hilarious.""
""Great chemistry between the leads."""
Hera Pheri,"""Comedy classic of Indian cinema.""
""Iconic dialogues and unforgettable moments.""
""Timeless humor and charm."""
Housefull 3,"""Light-hearted and silly fun.""
""Good for a casual laugh."""
Parasite,"""Brilliant and unpredictable.""
""Masterfully blends suspense and social commentary.""
""Oscar-worthy storytelling."""
Scandal Makers,"""Heartwarming and funny.""
""A charming family comedy."""
Detective Chinatown,"""Fun mix of mystery and comedy.""
""Energetic and colorful crime caper."""
Crazy Stone,"""Smartly crafted dark comedy.""
""Clever plot and quirky characters."""
The Notebook,"""A touching love story.""
""Beautifully emotional and romantic."""
Pride & Prejudice,"""A timeless romantic drama.""
""Elegant performances and rich dialogue."""
La La Land,"""Visually stunning and emotional.""
""A modern musical with heart and dreams."""
Titanic,"""Epic romance with unforgettable visuals.""
""A timeless love story set against tragedy.""
""Emotional and beautifully crafted."""
Before Sunrise,"""Deep and conversational.""
""A quiet, romantic journey through Vienna."""
500 Days of Summer,"""Realistic and non-linear love story.""
""Honest take on relationships."""
The Fault in Our Stars,"""Heartbreaking and sweet.""
""Emotional and beautifully acted."""
Barfi!,"""Charming and heartfelt.""
""Unique storytelling and lovely performances."""
Gehraiyaan,"""Modern and intense take on relationships.""
""Visually rich with emotional depth."""
Jab We Met,"""Feel-good and iconic romance.""
""Kareena’s best performance—full of life."""
Dilwale Dulhania Le Jayenge,"""A Bollywood classic.""
""Romantic, fun, and iconic."""
A Moment to Remember,"""Heartwarming and tragic.""
""A moving story about love and memory."""
Always,"""Sweet and tearful love story.""
""Emotionally touching and beautifully acted."""
Us and Them,"""A heartfelt story of love and timing.""
""Emotional and beautifully shot."""
Love in a Puff,"""Modern and witty romance.""
""Relatable urban love story."""
Turning Red,"""Fun, fresh, and full of heart.""
""A unique coming-of-age tale."""
Puss in Boots: The Last Wish,"""Stylish and surprisingly emotional.""
""Great animation and humor."""
The Super Mario Bros. Movie,"Fun and nostalgic for fans.""
""Colorful and energetic."""
Elemental,"""Charming with a strong message.""
""Visually beautiful and creative."""
Toy Story,"""A timeless animated classic.""
""Heartwarming with memorable characters."""
Up,"""Emotional and adventurous.""
""A touching start with an uplifting journey."""
Inside Out,"""Brilliantly explains emotions.""
""Smart, emotional, and creative."""
Zootopia,"""Fun with a deeper message.""
""Great mix of humor and social themes."""
Finding Nemo,"""Heartwarming and visually stunning.""
""A sweet tale about family and adventure."""
Ratatouille,"""Inspiring and full of charm.""
""A deliciously creative story."""
The Incredibles,"""Fun, fast-paced superhero family story.""
""Action-packed and cleverly written."""
Frozen II,"""Beautiful animation with emotional depth.""
""A mature and magical sequel."""
Cars,"""Simple and enjoyable for all ages.""
""Colorful and filled with heart."""
Ne Zha,"""Visually spectacular Chinese animation.""
""Exciting story with great character arcs."""
The Shawshank Redemption,"""A powerful story of hope and friendship.""
""Deep, emotional, and unforgettable."""
The Social Network,"""Sharp and engaging biopic.""
""Brilliantly written and performed."""
Harry Potter and the Goblet of Fire,"""Darker and more intense chapter.""
""Magical with thrilling moments."""
The Lord of the Rings: The Fellowship of the Ring,"""Epic fantasy at its best.""
""A grand beginning to a legendary saga."""
Fantastic Beasts and Where to Find Them,"""Magical and visually rich.""
""A fun return to the wizarding world."""
Mickey 17,"""Unique concept with futuristic vibes.""
""Intriguing sci-fi premise."""
Fight Club,"""Dark, bold, and thought-provoking.""
""A cult classic with a powerful twist."""
Shutter Island,"""Psychological and gripping.""
""Keeps you guessing till the end."""
Avengers: Endgame,"""Epic conclusion to a decade-long journey.""
""Emotional and action-packed."""
Black Panther,"""Culturally groundbreaking and powerful.""
""Stylish, strong, and inspiring."""
Avengers: Infinity War,"""Massive scale and high stakes.""
""Shocking and intense."""
Thor: Ragnarok,"""Funniest Marvel movie with great style.""
""A fresh and bold direction for Thor."""
Iron Man,"""The perfect start to the MCU.""
""Smart, charismatic, and action-filled."""
Spider-Man: No Way Home,"""A multiverse celebration for fans.""
""Nostalgic and emotionally satisfying."""
Doctor Strange in the Multiverse of Madness,"""Visually stunning with horror elements.""
""Dark and unpredictable."""
Spider-Man: Across the Spider-Verse,"""A visual masterpiece.""
""Bold storytelling with stunning animation."""